{
    "map": 0.45142602920532227,
    "map_50": 0.8688790798187256,
    "map_75": 0.39360469579696655,
    "map_small": 0.45142602920532227,
    "map_medium": -1.0,
    "map_large": -1.0,
    "mar_1": 0.01901734061539173,
    "mar_10": 0.1673988401889801,
    "mar_100": 0.5203468203544617,
    "mar_small": 0.5203468203544617,
    "mar_medium": -1.0,
    "mar_large": -1.0,
    "map_per_class": -1.0,
    "mar_100_per_class": -1.0,
    "classes": 1
}